{
	"xvals": [1473.2748917748916, 2317.7554112554117, 1224.8982683982683, 470.5692640692639],
	"yvals": [1218.6428571428573, 1542.4523809523812, 2109.1190476190477, 1520.3744588744592]
}